{"episodes": [0, 67, 134, 201, 268, 335, 402, 469, 536, 603, 670, 737, 804, 871, 938, 1005, 1072, 1139, 1206, 1273, 1340, 1407, 1474, 1541, 1608, 1675, 1742, 1809, 1876, 1943, 2010, 2077, 2144, 2211, 2278, 2345, 2412, 2479, 2546, 2613, 2680, 2747, 2814, 2881, 2948, 3015, 3082, 3149, 3216, 3283, 3350, 3417, 3484, 3551, 3618, 3685, 3752, 3819, 3886, 3953, 4020, 4087, 4154, 4221, 4288, 4355, 4422, 4489, 4556, 4623, 4690, 4757, 4824, 4891, 4958, 5025, 5092, 5159, 5226, 5293, 5360, 5427, 5494, 5561, 5628, 5695, 5762, 5829, 5896, 5963, 6030, 6097, 6164, 6231, 6298, 6365, 6432, 6499, 6566, 6633, 6700, 6767, 6834, 6901, 6968, 7035, 7102, 7169, 7236, 7303, 7370, 7437, 7504, 7571, 7638, 7705, 7772, 7839, 7906, 7973, 8040, 8107, 8174, 8241, 8308, 8375, 8442, 8509, 8576, 8643, 8710, 8777, 8844, 8911, 8978, 9045, 9112, 9179, 9246, 9313, 9380, 9447, 9514, 9581, 9648, 9715, 9782, 9849, 9916, 9983, 10050, 10117, 10184, 10251, 10318, 10385, 10452, 10519, 10586, 10653, 10720, 10787, 10854, 10921, 10988, 11055, 11122, 11189, 11256, 11323, 11390, 11457, 11524, 11591, 11658, 11725, 11792, 11859, 11926, 11993, 12060, 12127, 12194, 12261, 12328, 12395, 12462, 12529, 12596, 12663, 12730, 12797, 12864, 12931, 12998, 13065, 13132, 13199, 13266, 13333, 13400, 13467], "mean_rewards": [7.869385480880737, -0.4680378864902784, -0.48984615507501145, -0.5551410619040379, -0.4882915579094153, -0.4724334484614831, -0.4706858817982504, -0.49536512678172046, -0.488181437265121, -0.49218673040220723, -0.4815726703055059, -0.4820088524676782, -0.43784926100558375, -0.38558788626885354, -0.3533458443251239, -0.3040934353599124, -0.26831979214033574, -0.19140849363449494, -0.14203320211143491, -0.03154456203850192, 0.036356829438342037, 0.10923927782606911, 0.18537376434205202, 0.23818426830707837, 0.2971860210863843, 0.351879875832877, 0.41131269029737827, 0.49316205722733814, 0.54418244560461, 0.5529096998612051, 0.5803396979899199, 0.647491346514733, 0.6767948179212062, 0.7278867457176142, 0.7801977058292352, 0.8324114113203805, 0.8846536156650867, 0.9135522807000074, 0.9906498014824725, 1.0747783365352257, 1.118064828834938, 1.1254296454959651, 1.1729068560170468, 1.223296715608557, 1.250830467714188, 1.2658592661535932, 1.3026064717935804, 1.3210587293828564, 1.3291228487317284, 1.3327255037611838, 1.3617869722608757, 1.4155327298567029, 1.43804301345443, 1.4533835403824795, 1.4490587244572413, 1.4650314738802017, 1.4970641783053438, 1.5264675998406834, 1.5249301680553555, 1.5104940346199014, 1.5259575240262075, 1.5392910738888663, 1.5554828937112133, 1.5631932486042976, 1.577678209906162, 1.578992944977183, 1.6025471957099515, 1.5807723147838604, 1.5952618680505644, 1.6292361341937072, 1.6326987860754143, 1.6245606879480392, 1.6551997169478658, 1.6609219776152042, 1.6956165906986145, 1.7281981333328353, 1.7382102399385817, 1.7609851391969418, 1.7657828451398392, 1.7754888206320893, 1.7645542004733432, 1.7736322304512135, 1.7687026667687216, 1.7580264367949372, 1.7511381573787308, 1.738839277673473, 1.722614758535346, 1.736745614141461, 1.7516905580270015, 1.7799245542025521, 1.7700678259391585, 1.7663207697615921, 1.7562163755505256, 1.7587610971747853, 1.7777937432416644, 1.7704596316888854, 1.8123356010955924, 1.8279217910185117, 1.8466502024516873, 1.8298634645036476, 1.864942445150443, 1.8738156217091924, 1.866000112849446, 1.8781902273140842, 1.8416169193525835, 1.8387443213458785, 1.8485462165543736, 1.8278536795119362, 1.8172942939169872, 1.8037021071630313, 1.7578254819032049, 1.789927663865958, 1.8083126330250383, 1.8363163345167517, 1.8767271982310745, 1.8823451488214322, 1.8882187248528846, 1.879882797724712, 1.8682739835334294, 1.8768755783047664, 1.8853264416580362, 1.8954450143514918, 1.9106359317722665, 1.9006636210578318, 1.8993877949828675, 1.9237823593464614, 1.9344475316007566, 1.9503340135305085, 1.9860419661475228, 1.9742594653096717, 2.001614794778903, 1.9832609987142256, 1.9856477235292567, 1.9926783719954344, 1.9750121485619383, 1.9528438657518075, 1.9334705030714798, 1.9176346147756205, 1.9197328341457625, 1.929320812971638, 1.935611099781306, 1.9301533763026026, 1.9524929260035577, 1.9774023529251636, 1.9670411776322891, 1.9650732083037827, 1.9756527485480824, 1.9960569345849135, 1.9994612800762286, 2.0023671949464004, 1.968471810134468, 1.9351308788716286, 1.9281577662479867, 1.9180797577689113, 1.941868303399712, 1.9551983473480623, 1.9582474042363658, 1.9446796976185323, 1.9599162018053136, 1.9677243051538726, 1.9905415299682818, 2.0126337819571773, 2.0055850803634727, 1.9728688634663787, 1.942376174849831, 1.961291219857542, 1.9382520422395841, 1.9331532626002175, 1.9315321168749136, 1.9510658689675868, 1.93959757961361, 1.9583952448716349, 1.9957628746242215, 2.0171623558352496, 2.045212839087822, 2.027753655145466, 2.023227911412426, 2.0044681133162108, 1.9950296741726627, 1.9736256399910699, 1.9867524237810816, 1.9778640382239483, 1.9617218394162603, 1.9373436287414156, 1.9262697115193839, 1.9367491794142053, 1.9615602505914702, 1.9952850935889883, 1.9757408594996002, 1.9619378888624635, 1.9616936761638262, 1.9569105818823662, 1.966847003359166, 1.995661675253198, 2.011519161810991, 2.030814020499653, 2.015335946653363, 2.010846167103975, 2.036694835887966, 2.063149935127053, 2.0468815370260613, 2.0691288812374875]}