{"episodes": [0, 11, 22, 33, 44, 55, 66, 77, 88, 99, 110, 121, 132, 143, 154, 165, 176, 187, 198, 209, 220, 231, 242, 253, 264, 275, 286, 297, 308, 319, 330, 341, 352, 363, 374, 385, 396, 407, 418, 429, 440, 451, 462, 473, 484, 495, 506, 517, 528, 539, 550, 561, 572, 583, 594, 605, 616, 627, 638, 649, 660, 671, 682, 693, 704, 715, 726, 737, 748, 759, 770, 781, 792, 803, 814, 825, 836, 847, 858, 869, 880, 891, 902, 913, 924, 935, 946, 957, 968, 979, 990, 1001, 1012, 1023, 1034, 1045, 1056, 1067, 1078, 1089, 1100, 1111, 1122, 1133, 1144, 1155, 1166, 1177, 1188, 1199, 1210, 1221, 1232, 1243, 1254, 1265, 1276, 1287, 1298, 1309, 1320, 1331, 1342, 1353, 1364, 1375, 1386, 1397, 1408, 1419, 1430, 1441, 1452, 1463, 1474, 1485, 1496, 1507, 1518, 1529, 1540, 1551, 1562, 1573, 1584, 1595, 1606, 1617, 1628, 1639, 1650, 1661, 1672, 1683, 1694, 1705, 1716, 1727, 1738, 1749, 1760, 1771, 1782, 1793, 1804, 1815, 1826, 1837, 1848, 1859, 1870, 1881, 1892, 1903, 1914, 1925, 1936, 1947, 1958, 1969, 1980, 1991, 2002, 2013, 2024, 2035, 2046, 2057, 2068, 2079, 2090, 2101, 2112, 2123, 2134, 2145, 2156, 2167, 2178, 2189, 2200], "mean_rewards": [-2.6738038063049316, -1.705311691761017, -2.2153279781341553, -1.8650923013687133, -1.9583142399787903, -1.8090984106063843, -2.5727408647537233, -2.006777358055115, -2.0646845579147337, -1.1843333005905152, -0.8511799693107605, -1.2869279697537421, -2.5326566219329836, -0.7975572127848863, -2.2941975355148316, -1.4255218148231505, -1.9773519873619079, -1.829572582244873, -2.2942489624023437, -1.592001461982727, -1.8560773760080338, -2.144868350028992, -1.937927508354187, -1.1779373006895184, -1.5583532094955443, -1.5792918443679809, -1.2494795009493829, -2.25146803855896, -1.8984802484512329, -1.3299775309860706, -0.8860581159591675, -0.6782042820006609, -1.4215008795261384, -0.8339593816548586, -2.1198282480239867, -1.8454582929611205, -1.2758302211761474, -1.1315348207950593, -1.375254637002945, -2.120091676712036, -1.5853264234960078, -1.157479214668274, -1.266526734828949, -0.948374779522419, -2.1824836492538453, -1.2791759371757507, -0.9780700504779816, -1.8573646306991578, -1.4734271883964538, -0.45685309171676636, -1.6383790135383607, -1.0759720027446746, -1.504695177078247, -1.726955735683441, -1.088908851146698, -0.9255473613739014, -1.5862729153595865, -1.8054921865463256, -1.5902058459818362, -0.7862645149230957, -1.2847756624221802, -0.4538323223590851, -0.24534327983856202, -0.7213976144790649, -0.7808282060548664, -1.2140628814697265, -0.24957830905914308, -0.7205866644158959, -1.0317823708057403, -0.36452836729586124, -0.9707806944847107, -0.14061078652739525, -1.054512779880315, -0.4149759531021118, -1.2930978775024413, -0.8258169777691364, -1.356018888950348, -0.8899088740348816, -1.6979908108711244, -0.6806863307952881, -0.9120665602385998, 0.395650053024292, -1.86594614982605, -0.873254942893982, -1.5391783475875855, -0.7206376433372498, -0.5297608852386475, 0.46408586725592615, 0.21402924209833146, -0.24489773511886598, 0.08052548803389073, 0.6628240764141082, -1.275925225019455, -0.3005677070468664, -0.4723848819732666, -0.29810856431722643, -0.4034378886222839, -0.8178201481699944, 0.46010567545890807, -0.9913323003798723, 0.2993836283683777, 0.08219350576400757, -0.34826181530952455, -0.879417422413826, 0.40615544966422024, 0.9001223504543304, 0.5579557850956917, -0.18564149364829063, 0.05578359365463257, 0.38205742835998535, -1.4494811177253724, 0.04445687234401703, -0.3005406914278865, -0.7186087477952242, 0.023816481232643127, -0.3200356105342507, 0.1748729705810547, 0.49465489387512207, 0.09322566390037537, -0.20863972902297973, -0.013048544526100159, -0.2582117199897766, 0.30120803266763685, 0.13326873779296874, -1.7269521832466126, 0.22264335341751576, 0.2890779085457325, 0.25854286178946495, 0.028514337539672852, 0.15758876800537108, 0.9122146368026733, 0.025657114386558533, 0.8382625341415405, 0.8449460297822953, 0.7839016802608967, 0.33553348779678344, 0.6816077768802643, -0.13622485473752022, 0.8707041293382645, 1.0687336444854736, -0.34334572553634646, -0.43794297277927396, 0.515097776055336, -0.8650284081697464, -0.20771026611328125, 0.13080331087112426, 0.647852110862732, -0.26858361195772884, 0.09040446281433105, 0.5966767907142639, 0.7839245915412902, 0.9312916576862336, -0.8558926701545715, 0.8143998086452484, 1.2133472323417664, -0.05484856106340885, 0.693803608417511, 0.9091606378555298, 0.4998580813407898, 0.7885102093219757, 0.31582592204213145, 0.8510897813364864, 0.11140216141939163, 0.9307787224650383, 0.7449860155582428, 0.8639730155467987, 0.9730179116129876, -0.652894401550293, 0.30474201031029224, 0.7902945404872298, 0.7700751990079879, 0.5174719452857971, 0.9151068434119225, 0.84403036236763, 0.8516681623645127, 0.13887905478477477, 0.9150871947407723, -0.6614223957061768, 0.9483977686613798, 1.0316770553588868, 1.0025377452373505, 1.1537045121192933, 0.2673381119966507, 0.9019387006759644, 0.6476128563284874, 0.672609269618988, 0.9197988472878933, 0.9209991149604321, 1.0379021286964416, 0.8294112265110016, 0.9367486596107483, 0.5053324922919273, 0.5285568356513977, 0.5070471465587616, 0.6434216737747193, 0.3712703872472048, -0.25931897163391116, 0.49494273737072947, 0.8008696258068084, 0.8263677477836608, -0.2617871671915054]}